<?xml version="1.0" encoding="UTF-8"?>
<addon id="plugin.video.artemediathek" name="Arte Mediathek" version="2.0.1" provider-name="sarbes">
    <requires>
        <import addon="xbmc.python" version="3.0.0"/>
    </requires>
    <extension point="xbmc.python.pluginsource" library="default.py">
        <provides>video</provides>
    </extension>
    <extension point="xbmc.addon.metadata">
        <platform>all</platform>
		<language>en de fr es it pl</language>
		<license>GPL-2.0-only</license>
        <forum>https://forum.kodi.tv/showthread.php?tid=353903</forum>
		<source>https://github.com/sarbes/plugin.video.artemediathek</source>
        <website>https://www.arte.tv/</website>
        <summary lang="en_GB">This add-on allows access to the French/German broadcaster Arte.</summary>
        <description lang="en_GB">This add-on allows access to the French/German broadcaster Arte.</description>
        <summary lang="de_DE">Dieses Add-on bietet Zugriff auf die Mediathek von Arte.</summary>
        <description lang="de_DE">Dieses Add-on bietet Zugriff auf die Mediathek von Arte. Angeboten werden einige Filme und Serien, sowie Dokumentationen.</description>
        <disclaimer lang="de_DE">Dieses Add-on wird von keiner Sendeanstalt unterstützt und ist daher inoffiziell.</disclaimer>
        <assets>
            <icon>resources/icon.png</icon>
            <fanart>resources/fanart.jpg</fanart>
        </assets>
    </extension>
</addon>
